application,total_requests,application_requests,third_party_requests,android_requests,unknown_requests,frida_observations,total_evidence_events,sensitive_occurrences,unique_sensitive_artifacts,comparison_outbound_occurrences,attributable_inbound_occurrences,excluded_technical_occurrences,non_attributable_occurrences,personal_information,authentication,device_identifier,location,network_information,security,api_credentials,unknown_category,practice_disclosed,information_type_disclosed,potential_non_disclosures,insufficient_policy_detail,disclosed_categories,declared_only_categories,category_not_observed_in_capture,category_not_assessable_from_har,not_observed_in_capture,not_assessable_from_har,practice_risks,runtime_observations,overall_status,compliance_determination,assessment_flags,policy_quality_issues,report_format,policy_declares,traffic_transmits,declared_and_observed,policy_mentions_observed_information,observed_no_explicit_policy_match,policy_detail_insufficient_simple,declared_not_observed,risk_signals,result,policy_review_status,observed_information_type_count,disclosed_information_type_count,not_disclosed_information_type_count,policy_review_incomplete_type_count,declared_not_observed_type_count,not_assessable_type_count,capture_scoped_result,simple_compliance_determination
AntennaPod,119,0,117,2,0,0,119,1593,6,7,1586,0,0,1592,1,0,0,0,0,0,0,0,0,0,2,2,0,1,3,0,0,1,0,INSUFFICIENT POLICY DETAIL,NOT DETERMINED,PERSONAL_DATA_IN_URL;INSUFFICIENT_POLICY_DETAIL;POLICY_PRACTICE_DETAIL_INCOMPLETE;POLICY_COVERAGE_UNKNOWN,POLICY_PRACTICE_DETAIL_INCOMPLETE;POLICY_COVERAGE_UNKNOWN,practice-v2,IP Address,Authorization Token;User ID,0,0,0,0,0,Personal data observed in URL,POTENTIALLY_NON_COMPLIANT,REVIEWED_COMPLETE,2,0,2,0,1,0,POTENTIALLY_NON_COMPLIANT,NOT DETERMINED
Blinkit,1228,1048,104,9,67,0,1228,25140,177,13070,12043,3,24,5307,12137,2801,4884,3,0,8,0,0,24,0,7,4,1,1,6,0,0,0,0,INSUFFICIENT POLICY DETAIL,NOT DETERMINED,INSUFFICIENT_POLICY_DETAIL;NON_ATTRIBUTABLE_EVIDENCE_EXCLUDED;POLICY_PRACTICE_DETAIL_INCOMPLETE;POLICY_COVERAGE_UNKNOWN,POLICY_PRACTICE_DETAIL_INCOMPLETE;POLICY_COVERAGE_UNKNOWN,practice-v2,Address;Date of Birth;Device ID;Email;IP Address;Latitude;Location;Longitude;Name;Phone;User ID,Address;Authorization Token;Device ID;Email;IP Address;Latitude;Longitude;Phone;User ID,0,0,0,0,0,,POTENTIALLY_NON_COMPLIANT,REVIEWED_COMPLETE,9,8,1,0,2,1,POTENTIALLY_NON_COMPLIANT,NOT DETERMINED
bookmyshow,1765,836,666,17,246,0,1765,2263,63,1433,121,65,644,1060,309,174,438,213,0,69,0,0,0,0,59,0,0,0,0,0,0,2,0,INSUFFICIENT POLICY DETAIL,NOT DETERMINED,CREDENTIAL_IN_URL;PERSONAL_DATA_IN_URL;INSUFFICIENT_POLICY_DETAIL;NON_ATTRIBUTABLE_EVIDENCE_EXCLUDED;POLICY_COVERAGE_UNKNOWN,POLICY_COVERAGE_UNKNOWN,practice-v2,,Authorization Token;Device ID;Email;IP Address;Latitude;Longitude;Name;Phone;User ID,0,0,0,0,0,Credential observed in URL;Personal data observed in URL,CANNOT_DETERMINE,REVIEW_INCOMPLETE,9,0,0,9,0,0,CANNOT_DETERMINE,NOT DETERMINED
Canva,2690,2405,269,0,16,0,2690,1743,175,608,831,288,16,1173,101,181,0,0,223,65,0,0,0,0,10,3,0,2,6,0,0,2,0,INSUFFICIENT POLICY DETAIL,NOT DETERMINED,CREDENTIAL_IN_URL;PERSONAL_DATA_IN_URL;INSUFFICIENT_POLICY_DETAIL;NON_ATTRIBUTABLE_EVIDENCE_EXCLUDED;POLICY_PRACTICE_DETAIL_INCOMPLETE;POLICY_COVERAGE_UNKNOWN,POLICY_PRACTICE_DETAIL_INCOMPLETE;POLICY_COVERAGE_UNKNOWN,practice-v2,Advertising ID;Device ID;Email;IP Address;Location;Name;Phone;User ID;Username,Authorization Token;Device ID;Email;User ID,0,0,0,0,0,Credential observed in URL;Personal data observed in URL,POTENTIALLY_NON_COMPLIANT,REVIEWED_COMPLETE,4,3,1,0,5,1,POTENTIALLY_NON_COMPLIANT,NOT DETERMINED
Google Chrome,3143,683,508,0,1952,0,3143,2831,193,108,1497,0,1226,1561,472,105,388,104,201,0,0,0,0,0,16,1,0,4,9,0,0,0,0,INSUFFICIENT POLICY DETAIL,NOT DETERMINED,INSUFFICIENT_POLICY_DETAIL;NON_ATTRIBUTABLE_EVIDENCE_EXCLUDED;POLICY_PRACTICE_DETAIL_INCOMPLETE;POLICY_COVERAGE_UNKNOWN,POLICY_PRACTICE_DETAIL_INCOMPLETE;POLICY_COVERAGE_UNKNOWN,practice-v2,Address;Device ID;Email;IP Address;Location;Name;Password,Authorization Token,0,0,0,0,0,,POTENTIALLY_NON_COMPLIANT,REVIEWED_COMPLETE,1,0,1,0,6,1,POTENTIALLY_NON_COMPLIANT,NOT DETERMINED
Google Drive,330,326,4,0,0,0,330,327,16,315,12,0,0,11,316,0,0,0,0,0,0,0,0,0,11,2,0,4,5,0,0,0,0,INSUFFICIENT POLICY DETAIL,NOT DETERMINED,INSUFFICIENT_POLICY_DETAIL;POLICY_PRACTICE_DETAIL_INCOMPLETE;POLICY_COVERAGE_UNKNOWN,POLICY_PRACTICE_DETAIL_INCOMPLETE;POLICY_COVERAGE_UNKNOWN,practice-v2,Email;IP Address;Location;Name;User ID,Authorization Token;Email,0,0,0,0,0,,POTENTIALLY_NON_COMPLIANT,REVIEWED_COMPLETE,2,1,1,0,3,1,POTENTIALLY_NON_COMPLIANT,NOT DETERMINED
Duolingo,1133,1099,34,0,0,0,1133,972,329,643,329,0,0,792,157,8,15,0,0,0,0,0,0,0,13,3,0,2,5,0,0,2,0,INSUFFICIENT POLICY DETAIL,NOT DETERMINED,CREDENTIAL_IN_URL;PERSONAL_DATA_IN_URL;INSUFFICIENT_POLICY_DETAIL;POLICY_PRACTICE_DETAIL_INCOMPLETE;POLICY_COVERAGE_UNKNOWN,POLICY_PRACTICE_DETAIL_INCOMPLETE;POLICY_COVERAGE_UNKNOWN,practice-v2,Advertising ID;Device ID;Email;IP Address;Location;Name;User ID;Username,Authorization Token;Email;Latitude;Phone;User ID,0,0,0,0,0,Credential observed in URL;Personal data observed in URL,POTENTIALLY_NON_COMPLIANT,REVIEWED_COMPLETE,5,2,3,0,5,1,POTENTIALLY_NON_COMPLIANT,NOT DETERMINED
Facebook,665,531,81,0,53,0,665,242,9,201,3,38,0,72,55,77,0,0,38,0,0,0,0,0,11,3,0,3,8,0,0,2,0,INSUFFICIENT POLICY DETAIL,NOT DETERMINED,CREDENTIAL_IN_URL;PERSONAL_DATA_IN_URL;INSUFFICIENT_POLICY_DETAIL;POLICY_PRACTICE_DETAIL_INCOMPLETE;POLICY_COVERAGE_UNKNOWN,POLICY_PRACTICE_DETAIL_INCOMPLETE;POLICY_COVERAGE_UNKNOWN,practice-v2,Device ID;IP Address;Location,Device ID;Phone;Session Cookie;User ID,0,0,0,0,0,Credential observed in URL;Personal data observed in URL,POTENTIALLY_NON_COMPLIANT,REVIEWED_COMPLETE,4,1,3,0,1,1,POTENTIALLY_NON_COMPLIANT,NOT DETERMINED
Forecastie,295,68,0,137,90,0,295,76,21,12,48,0,16,7,11,0,58,0,0,0,0,0,0,0,2,0,1,0,1,0,0,1,0,INSUFFICIENT POLICY DETAIL,NOT DETERMINED,PERSONAL_DATA_IN_URL;INSUFFICIENT_POLICY_DETAIL;NON_ATTRIBUTABLE_EVIDENCE_EXCLUDED;POLICY_CATEGORY_LIST_ONLY;POLICY_PRACTICE_DETAIL_INCOMPLETE;POLICY_COVERAGE_UNKNOWN,POLICY_CATEGORY_LIST_ONLY;POLICY_PRACTICE_DETAIL_INCOMPLETE;POLICY_COVERAGE_UNKNOWN,practice-v2,Location;Third Party Service,Latitude;Longitude,0,0,0,0,0,Personal data observed in URL,CANNOT_DETERMINE,POLICY_UNAVAILABLE,2,0,0,2,0,0,CANNOT_DETERMINE,NOT DETERMINED
Gmail,328,278,35,0,15,0,328,335,24,306,16,0,13,74,257,4,0,0,0,0,0,0,0,0,20,3,0,3,5,0,0,0,0,INSUFFICIENT POLICY DETAIL,NOT DETERMINED,INSUFFICIENT_POLICY_DETAIL;NON_ATTRIBUTABLE_EVIDENCE_EXCLUDED;POLICY_PRACTICE_DETAIL_INCOMPLETE;POLICY_COVERAGE_UNKNOWN,POLICY_PRACTICE_DETAIL_INCOMPLETE;POLICY_COVERAGE_UNKNOWN,practice-v2,Address;Device ID;Email;IP Address;Location;Name,Authorization Token;Device ID;Email,0,0,0,0,0,,POTENTIALLY_NON_COMPLIANT,REVIEWED_COMPLETE,3,2,1,0,3,1,POTENTIALLY_NON_COMPLIANT,NOT DETERMINED
Google Maps Web,2275,2115,58,85,17,0,2275,54,18,10,13,0,31,18,24,10,2,0,0,0,0,0,0,0,5,1,0,4,5,0,0,0,0,INSUFFICIENT POLICY DETAIL,NOT DETERMINED,INSUFFICIENT_POLICY_DETAIL;NON_ATTRIBUTABLE_EVIDENCE_EXCLUDED;POLICY_PRACTICE_DETAIL_INCOMPLETE;POLICY_COVERAGE_UNKNOWN,POLICY_PRACTICE_DETAIL_INCOMPLETE;POLICY_COVERAGE_UNKNOWN,practice-v2,Device ID;IP Address;Location,Authorization Token,0,0,0,0,0,,POTENTIALLY_NON_COMPLIANT,REVIEWED_COMPLETE,1,0,1,0,2,1,POTENTIALLY_NON_COMPLIANT,NOT DETERMINED
JioHotstar,1509,1222,80,11,196,0,1509,336,145,182,108,0,46,132,36,165,0,3,0,0,0,0,10,0,6,3,1,2,6,1,0,2,0,INSUFFICIENT POLICY DETAIL,NOT DETERMINED,CREDENTIAL_IN_URL;PERSONAL_DATA_IN_URL;INSUFFICIENT_POLICY_DETAIL;LIMITED_CAPTURE_COVERAGE;NON_ATTRIBUTABLE_EVIDENCE_EXCLUDED;POLICY_PRACTICE_DETAIL_INCOMPLETE;POLICY_COVERAGE_UNKNOWN,POLICY_PRACTICE_DETAIL_INCOMPLETE;POLICY_COVERAGE_UNKNOWN,practice-v2,Address;Date of Birth;Device ID;Email;IP Address;Location;Name;Phone;User ID,Authorization Token;Device ID;IP Address;Name;Phone;User ID,0,0,0,0,0,Credential observed in URL;Personal data observed in URL,CANNOT_DETERMINE,REVIEW_INCOMPLETE,6,5,0,1,3,1,CANNOT_DETERMINE,NOT DETERMINED
Instagram,936,559,377,0,0,7,943,4440,1570,626,3814,0,0,1756,604,2058,22,0,0,0,0,0,0,0,9,3,0,2,8,0,0,2,7,INSUFFICIENT POLICY DETAIL,NOT DETERMINED,CREDENTIAL_IN_URL;PERSONAL_DATA_IN_URL;INSUFFICIENT_POLICY_DETAIL;RUNTIME_ACCESS_OBSERVED;POLICY_PRACTICE_DETAIL_INCOMPLETE;POLICY_COVERAGE_UNKNOWN,POLICY_PRACTICE_DETAIL_INCOMPLETE;POLICY_COVERAGE_UNKNOWN,practice-v2,Device ID;IP Address;Location,Authorization Token;Device ID;User ID,0,0,0,0,0,Credential observed in URL;Personal data observed in URL,POTENTIALLY_NON_COMPLIANT,REVIEWED_COMPLETE,3,1,2,0,1,1,POTENTIALLY_NON_COMPLIANT,NOT DETERMINED
LinkedIn,1433,1279,130,8,16,0,1433,946,20,678,15,237,16,19,689,1,0,0,237,0,0,0,0,0,5,2,0,4,6,5,0,2,0,INSUFFICIENT POLICY DETAIL,NOT DETERMINED,CREDENTIAL_IN_URL;PERSONAL_DATA_IN_URL;INSUFFICIENT_POLICY_DETAIL;LIMITED_CAPTURE_COVERAGE;NON_ATTRIBUTABLE_EVIDENCE_EXCLUDED;POLICY_PRACTICE_DETAIL_INCOMPLETE;POLICY_COVERAGE_UNKNOWN,POLICY_PRACTICE_DETAIL_INCOMPLETE;POLICY_COVERAGE_UNKNOWN,practice-v2,Device ID;Email;IP Address;Location;Name;Password;Phone,Authorization Token;Session Cookie;User ID,0,0,0,0,0,Credential observed in URL;Personal data observed in URL,POTENTIALLY_NON_COMPLIANT,REVIEWED_COMPLETE,3,0,3,0,6,1,POTENTIALLY_NON_COMPLIANT,NOT DETERMINED
Meesho,1285,1004,214,20,47,0,1285,3386,69,3156,115,0,115,2574,544,128,124,16,0,0,0,0,31,0,15,4,1,1,6,0,0,1,0,INSUFFICIENT POLICY DETAIL,NOT DETERMINED,CREDENTIAL_IN_URL;INSUFFICIENT_POLICY_DETAIL;NON_ATTRIBUTABLE_EVIDENCE_EXCLUDED;POLICY_PRACTICE_DETAIL_INCOMPLETE;POLICY_COVERAGE_UNKNOWN,POLICY_PRACTICE_DETAIL_INCOMPLETE;POLICY_COVERAGE_UNKNOWN,practice-v2,Address;Date of Birth;Device ID;Email;IP Address;Location;Name;Phone;User ID,Authorization Token;Date of Birth;Device ID;Email;IP Address;Latitude;Name;Phone;User ID,0,0,0,0,0,Credential observed in URL,POTENTIALLY_NON_COMPLIANT,REVIEWED_COMPLETE,9,7,2,0,1,1,POTENTIALLY_NON_COMPLIANT,NOT DETERMINED
MyJio,1081,521,31,89,440,0,1081,763,93,356,197,30,180,295,204,225,1,0,0,38,0,0,7,0,29,2,1,3,5,2,0,2,0,INSUFFICIENT POLICY DETAIL,NOT DETERMINED,CREDENTIAL_IN_URL;PERSONAL_DATA_IN_URL;INSUFFICIENT_POLICY_DETAIL;LIMITED_CAPTURE_COVERAGE;NON_ATTRIBUTABLE_EVIDENCE_EXCLUDED;POLICY_PRACTICE_DETAIL_INCOMPLETE;POLICY_COVERAGE_UNKNOWN,POLICY_PRACTICE_DETAIL_INCOMPLETE;POLICY_COVERAGE_UNKNOWN,practice-v2,Device ID;IP Address;Location;Name,Authorization Token;Device ID;Email;Name;Session Cookie;User ID,0,0,0,0,0,Credential observed in URL;Personal data observed in URL,POTENTIALLY_NON_COMPLIANT,REVIEWED_COMPLETE,6,2,4,0,1,1,POTENTIALLY_NON_COMPLIANT,NOT DETERMINED
Naukri,1024,222,132,1,669,0,1024,1155,80,64,66,0,1025,350,302,502,0,1,0,0,0,0,0,0,6,3,0,2,6,0,0,1,0,INSUFFICIENT POLICY DETAIL,NOT DETERMINED,PERSONAL_DATA_IN_URL;INSUFFICIENT_POLICY_DETAIL;NON_ATTRIBUTABLE_EVIDENCE_EXCLUDED;POLICY_PRACTICE_DETAIL_INCOMPLETE;POLICY_COVERAGE_UNKNOWN,POLICY_PRACTICE_DETAIL_INCOMPLETE;POLICY_COVERAGE_UNKNOWN,practice-v2,Advertising ID;Device ID;Email;IP Address;Location;Name;Phone,Authorization Token;Device ID;Email,0,0,0,0,0,Personal data observed in URL,POTENTIALLY_NON_COMPLIANT,REVIEWED_COMPLETE,3,2,1,0,4,1,POTENTIALLY_NON_COMPLIANT,NOT DETERMINED
Google Photos,370,346,2,8,14,0,370,227,11,203,6,0,18,2,225,0,0,0,0,0,0,0,0,0,6,1,0,5,5,0,0,0,0,INSUFFICIENT POLICY DETAIL,NOT DETERMINED,INSUFFICIENT_POLICY_DETAIL;NON_ATTRIBUTABLE_EVIDENCE_EXCLUDED;POLICY_PRACTICE_DETAIL_INCOMPLETE;POLICY_COVERAGE_UNKNOWN,POLICY_PRACTICE_DETAIL_INCOMPLETE;POLICY_COVERAGE_UNKNOWN,practice-v2,Email;IP Address;Location;Name;User ID,Authorization Token,0,0,0,0,0,,POTENTIALLY_NON_COMPLIANT,REVIEWED_COMPLETE,1,0,1,0,4,1,POTENTIALLY_NON_COMPLIANT,NOT DETERMINED
Rapido,1642,378,822,19,423,0,1642,5101,212,4055,991,0,55,1774,302,371,2636,18,0,0,0,0,40,0,14,3,1,2,4,1,0,2,0,INSUFFICIENT POLICY DETAIL,NOT DETERMINED,CREDENTIAL_IN_URL;PERSONAL_DATA_IN_URL;INSUFFICIENT_POLICY_DETAIL;LIMITED_CAPTURE_COVERAGE;NON_ATTRIBUTABLE_EVIDENCE_EXCLUDED;POLICY_PRACTICE_DETAIL_INCOMPLETE;POLICY_COVERAGE_UNKNOWN,POLICY_PRACTICE_DETAIL_INCOMPLETE;POLICY_COVERAGE_UNKNOWN,practice-v2,Address;Date of Birth;Device ID;Email;IP Address;Location;Name;Phone,Address;Authorization Token;Date of Birth;Device ID;Email;Latitude;Longitude;Name;Phone;User ID,0,0,0,0,0,Credential observed in URL;Personal data observed in URL,POTENTIALLY_NON_COMPLIANT,REVIEWED_COMPLETE,10,6,4,0,1,1,POTENTIALLY_NON_COMPLIANT,NOT DETERMINED
Reddit,1739,1423,272,0,44,0,1739,3965,638,2349,599,1017,0,223,2724,0,0,0,1018,0,0,0,0,0,19,2,0,3,6,0,0,0,0,INSUFFICIENT POLICY DETAIL,NOT DETERMINED,INSUFFICIENT_POLICY_DETAIL;POLICY_PRACTICE_DETAIL_INCOMPLETE;POLICY_COVERAGE_UNKNOWN,POLICY_PRACTICE_DETAIL_INCOMPLETE;POLICY_COVERAGE_UNKNOWN,practice-v2,Device ID;Email;IP Address;Location;Password;Phone;Username,Authorization Token;Name;Phone;Session Cookie;User ID,0,0,0,0,0,,POTENTIALLY_NON_COMPLIANT,REVIEWED_COMPLETE,5,1,4,0,5,1,POTENTIALLY_NON_COMPLIANT,NOT DETERMINED
Snapdeal,1551,1316,235,0,0,0,1551,5768,53,3114,2052,602,0,2664,97,2106,4,253,0,644,0,0,49,0,11,4,1,0,6,0,0,2,0,INSUFFICIENT POLICY DETAIL,NOT DETERMINED,CREDENTIAL_IN_URL;PERSONAL_DATA_IN_URL;INSUFFICIENT_POLICY_DETAIL;POLICY_PRACTICE_DETAIL_INCOMPLETE;POLICY_COVERAGE_UNKNOWN,POLICY_PRACTICE_DETAIL_INCOMPLETE;POLICY_COVERAGE_UNKNOWN,practice-v2,Address;Date of Birth;Device ID;Email;IP Address;Location;Name;Phone,Authorization Token;Device ID;Email;IP Address;Latitude;Longitude;Name;Phone;Session Cookie;User ID,0,0,0,0,0,Credential observed in URL;Personal data observed in URL,POTENTIALLY_NON_COMPLIANT,REVIEWED_COMPLETE,10,5,5,0,2,1,POTENTIALLY_NON_COMPLIANT,NOT DETERMINED
Spotify,811,526,173,2,110,0,811,358,35,314,10,2,32,28,312,0,16,0,2,0,0,0,0,0,9,2,0,3,7,0,0,1,0,INSUFFICIENT POLICY DETAIL,NOT DETERMINED,CREDENTIAL_IN_URL;INSUFFICIENT_POLICY_DETAIL;NON_ATTRIBUTABLE_EVIDENCE_EXCLUDED;POLICY_PRACTICE_DETAIL_INCOMPLETE;POLICY_COVERAGE_UNKNOWN,POLICY_PRACTICE_DETAIL_INCOMPLETE;POLICY_COVERAGE_UNKNOWN,practice-v2,Address;Date of Birth;Device ID;Email;IP Address;Location;Name;Password;Phone,Authorization Token;Date of Birth;Email;Name;Session Cookie,0,0,0,0,0,Credential observed in URL,POTENTIALLY_NON_COMPLIANT,REVIEWED_COMPLETE,5,3,2,0,5,1,POTENTIALLY_NON_COMPLIANT,NOT DETERMINED
Swiggy,1965,800,1051,73,41,0,1965,6320,209,5122,1177,7,14,1876,610,1943,1813,0,78,0,0,0,29,0,14,3,1,1,6,1,0,2,0,INSUFFICIENT POLICY DETAIL,NOT DETERMINED,CREDENTIAL_IN_URL;PERSONAL_DATA_IN_URL;INSUFFICIENT_POLICY_DETAIL;LIMITED_CAPTURE_COVERAGE;NON_ATTRIBUTABLE_EVIDENCE_EXCLUDED;POLICY_PRACTICE_DETAIL_INCOMPLETE;POLICY_COVERAGE_UNKNOWN,POLICY_PRACTICE_DETAIL_INCOMPLETE;POLICY_COVERAGE_UNKNOWN,practice-v2,Address;Device ID;Email;IP Address;Location;Name;Phone,Address;Authorization Token;Device ID;Email;Latitude;Longitude;Name;Phone;Session Cookie;User ID,0,0,0,0,0,Credential observed in URL;Personal data observed in URL,POTENTIALLY_NON_COMPLIANT,REVIEWED_COMPLETE,10,5,5,0,1,1,POTENTIALLY_NON_COMPLIANT,NOT DETERMINED
Microsoft Teams,498,412,15,2,69,0,498,420,69,148,68,172,32,94,151,3,0,0,0,172,0,0,8,0,6,1,1,4,5,2,0,2,0,INSUFFICIENT POLICY DETAIL,NOT DETERMINED,CREDENTIAL_IN_URL;PERSONAL_DATA_IN_URL;INSUFFICIENT_POLICY_DETAIL;LIMITED_CAPTURE_COVERAGE;NON_ATTRIBUTABLE_EVIDENCE_EXCLUDED;POLICY_PRACTICE_DETAIL_INCOMPLETE;POLICY_COVERAGE_UNKNOWN,POLICY_PRACTICE_DETAIL_INCOMPLETE;POLICY_COVERAGE_UNKNOWN,practice-v2,Device ID;Email;IP Address;Name;Phone;User ID;Username,Authorization Token;Email;Phone;User ID,0,0,0,0,0,Credential observed in URL;Personal data observed in URL,POTENTIALLY_NON_COMPLIANT,REVIEWED_COMPLETE,4,3,1,0,4,0,POTENTIALLY_NON_COMPLIANT,NOT DETERMINED
Telegram,1071,956,0,102,13,6,1077,11,2,0,1,0,10,1,10,0,0,0,0,0,0,0,0,0,0,0,0,2,2,0,0,0,6,INSUFFICIENT EVIDENCE,NOT DETERMINED,RUNTIME_ACCESS_OBSERVED;NON_ATTRIBUTABLE_EVIDENCE_EXCLUDED;POLICY_PRACTICE_DETAIL_INCOMPLETE;POLICY_COVERAGE_UNKNOWN,POLICY_PRACTICE_DETAIL_INCOMPLETE;POLICY_COVERAGE_UNKNOWN,practice-v2,IP Address;Location;Name;Phone;Username,,0,0,0,0,0,,CANNOT_DETERMINE,REVIEWED_COMPLETE,0,0,0,0,4,1,CANNOT_DETERMINE,NOT DETERMINED
Truecaller,184,107,52,2,23,0,184,216,8,186,30,0,0,109,107,0,0,0,0,0,0,0,3,0,11,2,0,4,7,4,0,1,0,INSUFFICIENT POLICY DETAIL,NOT DETERMINED,PERSONAL_DATA_IN_URL;INSUFFICIENT_POLICY_DETAIL;LIMITED_CAPTURE_COVERAGE;POLICY_COVERAGE_UNKNOWN,POLICY_COVERAGE_UNKNOWN,practice-v2,Address;Device ID;Email;IP Address;Latitude;Location;Longitude;Name;Phone,Authorization Token;Email;Name;Phone,0,0,0,0,0,Personal data observed in URL,POTENTIALLY_NON_COMPLIANT,REVIEWED_COMPLETE,4,3,1,0,5,1,POTENTIALLY_NON_COMPLIANT,NOT DETERMINED
VLC,0,0,0,0,0,4,4,0,0,0,0,0,0,0,0,0,0,0,0,0,0,0,0,0,0,0,0,1,2,0,0,0,4,INSUFFICIENT EVIDENCE,NOT DETERMINED,RUNTIME_ACCESS_OBSERVED;POLICY_PRACTICE_DETAIL_INCOMPLETE;POLICY_COVERAGE_UNKNOWN,POLICY_PRACTICE_DETAIL_INCOMPLETE;POLICY_COVERAGE_UNKNOWN,practice-v2,Authentication;Device Information;Local Media,,0,0,0,0,0,,CANNOT_DETERMINE,REVIEWED_COMPLETE,0,0,0,0,0,0,CANNOT_DETERMINE,NOT DETERMINED
WhatsApp,870,677,20,121,52,3,873,271,37,244,18,0,9,216,40,14,0,0,0,1,0,0,0,0,11,2,0,2,6,0,0,2,3,INSUFFICIENT POLICY DETAIL,NOT DETERMINED,CREDENTIAL_IN_URL;PERSONAL_DATA_IN_URL;INSUFFICIENT_POLICY_DETAIL;RUNTIME_ACCESS_OBSERVED;NON_ATTRIBUTABLE_EVIDENCE_EXCLUDED;POLICY_PRACTICE_DETAIL_INCOMPLETE;POLICY_COVERAGE_UNKNOWN,POLICY_PRACTICE_DETAIL_INCOMPLETE;POLICY_COVERAGE_UNKNOWN,practice-v2,Device ID;IP Address;Location;Name;Phone,Authorization Token;Email;User ID,0,0,0,0,0,Credential observed in URL;Personal data observed in URL,POTENTIALLY_NON_COMPLIANT,REVIEWED_COMPLETE,3,0,3,0,4,1,POTENTIALLY_NON_COMPLIANT,NOT DETERMINED
YouTube,1205,1141,59,0,5,0,1205,303,218,187,114,0,2,21,262,4,0,12,4,0,0,0,0,0,13,4,0,1,7,0,0,1,0,INSUFFICIENT POLICY DETAIL,NOT DETERMINED,PERSONAL_DATA_IN_URL;INSUFFICIENT_POLICY_DETAIL;NON_ATTRIBUTABLE_EVIDENCE_EXCLUDED;POLICY_PRACTICE_DETAIL_INCOMPLETE;POLICY_COVERAGE_UNKNOWN,POLICY_PRACTICE_DETAIL_INCOMPLETE;POLICY_COVERAGE_UNKNOWN,practice-v2,Device ID;Email;IP Address;Location;Name;Phone,Authorization Token;Device ID;Email;IP Address,0,0,0,0,0,Personal data observed in URL,POTENTIALLY_NON_COMPLIANT,REVIEWED_COMPLETE,4,3,1,0,2,1,POTENTIALLY_NON_COMPLIANT,NOT DETERMINED
Zomato,1025,832,170,12,11,0,1025,15130,854,6793,8298,7,32,3272,1658,3258,6905,0,25,12,0,0,30,0,21,3,1,2,6,1,0,2,0,INSUFFICIENT POLICY DETAIL,NOT DETERMINED,CREDENTIAL_IN_URL;PERSONAL_DATA_IN_URL;INSUFFICIENT_POLICY_DETAIL;LIMITED_CAPTURE_COVERAGE;NON_ATTRIBUTABLE_EVIDENCE_EXCLUDED;POLICY_PRACTICE_DETAIL_INCOMPLETE;POLICY_COVERAGE_UNKNOWN,POLICY_PRACTICE_DETAIL_INCOMPLETE;POLICY_COVERAGE_UNKNOWN,practice-v2,Address;Date of Birth;Device ID;Email;IP Address;Latitude;Location;Longitude;Name;Phone,Address;Authorization Token;Device ID;Email;Latitude;Longitude;Name;Phone;Session Cookie;User ID,0,0,0,0,0,Credential observed in URL;Personal data observed in URL,POTENTIALLY_NON_COMPLIANT,REVIEWED_COMPLETE,10,7,3,0,2,1,POTENTIALLY_NON_COMPLIANT,NOT DETERMINED
